username,password,status,cost,candidates_checked,seconds,checks_per_second,workers,dictionary_size,dictionary_sha256,stored_hash
Bilbo,welcome,found,8,131657,153.039119,860.283311,12,134849,caa33f60b360acfabbec22e104cf2976500d8459fcc07a226bdf0565a5098535,$2b$08$J9FW66ZdPI2nrIMcOxFYI.qx268uZn.ajhymLP/YHaAsfBGP3Fnmq
Gandalf,wizard,found,8,133061,154.855293,859.260265,12,134849,caa33f60b360acfabbec22e104cf2976500d8459fcc07a226bdf0565a5098535,$2b$08$J9FW66ZdPI2nrIMcOxFYI.q2PW6mqALUl2/uFvV9OFNPmHGNPa6YC
Thorin,diamond,found,8,31551,40.847696,772.405862,12,134849,caa33f60b360acfabbec22e104cf2976500d8459fcc07a226bdf0565a5098535,$2b$08$J9FW66ZdPI2nrIMcOxFYI.6B7jUcPdnqJz4tIUwKBu8lNMs5NdT9q
Fili,desire,found,9,30929,74.493557,415.19027,12,134849,caa33f60b360acfabbec22e104cf2976500d8459fcc07a226bdf0565a5098535,$2b$09$M9xNRFBDn0pUkPKIVCSBzuwNDDNTMWlvn7lezPr8IwVUsJbys3YZm
Kili,ossify,found,9,77026,178.188308,432.273032,12,134849,caa33f60b360acfabbec22e104cf2976500d8459fcc07a226bdf0565a5098535,$2b$09$M9xNRFBDn0pUkPKIVCSBzuPD2bsU1q8yZPlgSdQXIBILSMCbdE4Im
Balin,hangout,found,10,49709,229.773016,216.33959,12,134849,caa33f60b360acfabbec22e104cf2976500d8459fcc07a226bdf0565a5098535,$2b$10$xGKjb94iwmlth954hEaw3O3YmtDO/mEFLIO0a0xLK1vL79LA73Gom
Dwalin,drossy,found,10,34528,160.728452,214.821953,12,134849,caa33f60b360acfabbec22e104cf2976500d8459fcc07a226bdf0565a5098535,$2b$10$xGKjb94iwmlth954hEaw3OFxNMF64erUqDNj6TMMKVDcsETsKK5be
Oin,ispaghul,found,10,57902,265.058639,218.449775,12,134849,caa33f60b360acfabbec22e104cf2976500d8459fcc07a226bdf0565a5098535,$2b$10$xGKjb94iwmlth954hEaw3OcXR2H2PRHCgo98mjS11UIrVZLKxyABK
Gloin,oversave,found,11,78446,707.692573,110.847567,12,134849,caa33f60b360acfabbec22e104cf2976500d8459fcc07a226bdf0565a5098535,$2b$11$/8UByex2ktrWATZOBLZ0DuAXTQl4mWX1hfSjliCvFfGH7w1tX5/3q
Dori,indoxylic,found,11,55949,506.667411,110.425496,12,134849,caa33f60b360acfabbec22e104cf2976500d8459fcc07a226bdf0565a5098535,$2b$11$/8UByex2ktrWATZOBLZ0Dub5AmZeqtn7kv/3NCWBrDaRCFahGYyiq
Nori,swagsman,found,11,112152,1010.061327,111.034842,12,134849,caa33f60b360acfabbec22e104cf2976500d8459fcc07a226bdf0565a5098535,$2b$11$/8UByex2ktrWATZOBLZ0DuER3Ee1GdP6f30TVIXoEhvhQDwghaU12
Ori,airway,found,12,2516,50.326412,49.99363,12,134849,caa33f60b360acfabbec22e104cf2976500d8459fcc07a226bdf0565a5098535,$2b$12$rMeWZtAVcGHLEiDNeKCz8OiERmh0dh8AiNcf7ON3O3P0GWTABKh0O
Bifur,corrosible,found,12,26314,476.902085,55.176945,12,134849,caa33f60b360acfabbec22e104cf2976500d8459fcc07a226bdf0565a5098535,$2b$12$rMeWZtAVcGHLEiDNeKCz8OMoFL0k33O8Lcq33f6AznAZ/cL1LAOyK
Bofur,libellate,found,12,62663,1128.32461,55.536323,12,134849,caa33f60b360acfabbec22e104cf2976500d8459fcc07a226bdf0565a5098535,$2b$12$rMeWZtAVcGHLEiDNeKCz8Ose2KNe821.l2h5eLffzWoP01DlQb72O
Durin,purrone,found,13,90766,3268.223283,27.772276,12,134849,caa33f60b360acfabbec22e104cf2976500d8459fcc07a226bdf0565a5098535,$2b$13$6ypcazOOkUT/a7EwMuIjH.qbdqmHPDAC9B5c37RT9gEw18BX6FOay