bits,inputs,seconds,first_hex,second_hex,digest_hex
8,18,6.870925426483154e-05,746573742d383a0000000000000003,746573742d383a0000000000000011,ef
10,39,7.179100066423416e-05,746573742d31303a0000000000000013,746573742d31303a0000000000000026,02e
12,55,9.895814582705498e-05,746573742d31323a0000000000000001,746573742d31323a0000000000000036,b44
14,348,0.0005324999801814556,746573742d31343a00000000000000ac,746573742d31343a000000000000015b,3b22
16,631,0.0010852501727640629,746573742d31363a000000000000016b,746573742d31363a0000000000000276,0b27
18,1290,0.0020768330432474613,746573742d31383a0000000000000410,746573742d31383a0000000000000509,0e62f
20,1364,0.001750874798744917,746573742d32303a00000000000000cb,746573742d32303a0000000000000553,caa4c
22,1045,0.0012613749131560326,746573742d32323a000000000000000b,746573742d32323a0000000000000414,0c3c07
24,9434,0.011011749971657991,746573742d32343a0000000000000141,746573742d32343a00000000000024d9,3aa7f8
26,11076,0.010505625046789646,746573742d32363a0000000000001afb,746573742d32363a0000000000002b43,1ad8500
28,23265,0.018503124825656414,746573742d32383a00000000000040c8,746573742d32383a0000000000005ae0,9de3746
30,47913,0.03209854196757078,746573742d33303a00000000000084c0,746573742d33303a000000000000bb28,1b1c87f5
32,110779,0.06193787511438131,746573742d33323a0000000000013509,746573742d33323a000000000001b0ba,abd484e6
34,153232,0.08404195820912719,746573742d33343a000000000000aeeb,746573742d33343a000000000002568f,10a8e2f72
36,125341,0.07472029188647866,746573742d33363a000000000000f225,746573742d33363a000000000001e99c,ae83b7dad
38,453748,0.2780134999193251,746573742d33383a000000000001efb1,746573742d33383a000000000006ec73,1f3dac8b32
40,1750605,1.0959401251748204,746573742d34303a000000000019fda8,746573742d34303a00000000001ab64c,063384ff80
42,2121192,1.2533637499436736,746573742d34323a000000000011652c,746573742d34323a0000000000205de7,2217595dc7e
44,10574251,7.340171167161316,746573742d34343a00000000003928c5,746573742d34343a0000000000a159aa,34d3e5a1cc6
46,14066460,10.434600041713566,746573742d34363a00000000005ec0de,746573742d34363a0000000000d6a31b,17420a001bb1
48,19824512,15.002838124986738,746573742d34383a00000000010a05f6,746573742d34383a00000000012e7f7f,f16507a622a9
50,53699534,43.576260291971266,746573742d35303a0000000000e9c9ae,746573742d35303a00000000033363cd,214281cb554ad
